Timestamp,Employee_ID,Band_ID,Shift_Info,H2S_Concentration_ppm,Exposure_Duration_hr,Shift_Exposure_ppm_hr,TWA_8hr_ppm,Alert_Status
2026-09-19 03:06:48,,,,167.3245,1.0,167.3245,20.9156,
2026-09-19 03:50:24,EMP-104,BAND-884,Day Shift A,167.5,8.0,1340.0,167.5,CRITICAL
2026-09-19 03:55:06,EMP-104,BAND-884,Day Shift A,94.72,8.0,757.76,94.72,CRITICAL
2026-09-19 03:55:07,EMP-104,BAND-884,Day Shift A,94.72,8.0,757.76,94.72,CRITICAL
2026-09-19 03:55:08,EMP-104,BAND-884,Day Shift A,94.72,8.0,757.76,94.72,CRITICAL
2026-09-19 03:55:22,EMP-104,BAND-884,Day Shift A,72.03,8.0,576.24,72.03,CRITICAL
2026-09-19 03:55:23,EMP-104,BAND-884,Day Shift A,72.03,8.0,576.24,72.03,CRITICAL
2026-09-19 03:55:25,EMP-104,BAND-884,Day Shift A,72.03,8.0,576.24,72.03,CRITICAL
2026-09-19 10:16:57,EMP-104,BAND-884,Day Shift A,167.5,8.0,1340.0,167.5,CRITICAL
2026-09-19 10:17:08,EMP-104,BAND-884,Day Shift A,77.6,8.0,620.8,77.6,CRITICAL
2026-09-19 10:17:20,EMP-104,BAND-884,Day Shift A,167.5,8.0,1340.0,167.5,CRITICAL
2026-09-19 10:17:23,EMP-104,BAND-884,Day Shift A,167.5,8.0,1340.0,167.5,CRITICAL
2026-09-19 10:17:30,EMP-104,BAND-884,Day Shift A,77.6,8.0,620.8,77.6,CRITICAL
2026-09-19 10:23:20,EMP-104,BAND-884,Morning Shift 1,167.5,8.0,1340.0,167.5,CRITICAL
2026-09-19 10:24:36,EMP-104,BAND-884,Morning Shift 1,167.5,8.0,1340.0,167.5,CRITICAL
2026-09-19 10:27:22,EMP-104,BAND-884,Morning Shift 1,167.5,8.0,1340.0,167.5,CRITICAL
2026-09-19 10:32:53,EMP-104,BAND-884,Morning Shift 1,167.5,8.0,1340.0,167.5,CRITICAL
2026-09-19 10:35:31,EMP-104,BAND-884,Morning Shift 1,167.5,8.0,1340.0,167.5,CRITICAL
2026-09-19 10:37:37,EMP-104,BAND-884,Morning Shift 1,167.5,8.0,1340.0,167.5,CRITICAL
2026-09-19 10:38:47,EMP-208,BAND-312,Night Shift B,167.5,10.0,1675.0,209.38,CRITICAL
2026-09-19 10:38:56,EMP-208,BAND-312,Night Shift B,77.6,10.0,776.0,97.0,CRITICAL
2026-09-19 10:38:57,EMP-208,BAND-312,Night Shift B,77.6,10.0,776.0,97.0,CRITICAL
2026-09-19 10:39:02,EMP-104,BAND-884,Day Shift A,77.6,8.0,620.8,77.6,CRITICAL
2026-09-19 10:39:04,EMP-104,BAND-884,Day Shift A,77.6,8.0,620.8,77.6,CRITICAL
2026-09-19 10:39:05,EMP-104,BAND-884,Day Shift A,77.6,8.0,620.8,77.6,CRITICAL
2026-09-19 10:39:24,EMP-104,BAND-884,Day Shift A,77.6,8.0,620.8,77.6,CRITICAL
2026-09-19 10:40:20,EMP-104,BAND-884,Morning Shift 1,167.5,8.0,1340.0,167.5,CRITICAL
2026-09-19 10:45:25,EMP-104,BAND-884,Day Shift A,77.6,8.0,620.8,77.6,CRITICAL
2026-09-19 10:53:27,EMP-104,BAND-884,Day Shift A,77.6,8.0,620.8,77.6,CRITICAL
2026-09-19 10:53:33,EMP-104,BAND-884,Day Shift A,77.6,8.0,620.8,77.6,CRITICAL
2026-09-19 10:53:54,EMP-104,BAND-884,Day Shift A,77.6,8.0,620.8,77.6,CRITICAL
2026-09-19 10:53:58,EMP-104,BAND-884,Day Shift A,77.6,8.0,620.8,77.6,CRITICAL
2026-09-19 10:54:23,EMP-104,BAND-884,Morning Shift 1,167.5,8.0,1340.0,167.5,CRITICAL
2026-09-19 10:54:45,EMP-104,BAND-884,Morning Shift 1,167.5,8.0,1340.0,167.5,CRITICAL
2026-09-19 10:55:00,EMP-104,BAND-884,Morning Shift 1,167.5,8.0,1340.0,167.5,CRITICAL
2026-09-19 10:56:22,EMP-104,BAND-884,Morning Shift 1,167.5,8.0,1340.0,167.5,CRITICAL
2026-09-19 10:56:36,EMP-104,BAND-884,Morning Shift 1,167.5,8.0,1340.0,167.5,CRITICAL
2026-09-19 10:56:53,EMP-104,BAND-884,Morning Shift 1,167.5,8.0,1340.0,167.5,CRITICAL
2026-09-19 10:57:09,EMP-104,BAND-884,Morning Shift 1,167.5,8.0,1340.0,167.5,CRITICAL
2026-09-19 10:57:24,EMP-104,BAND-884,Morning Shift 1,167.5,8.0,1340.0,167.5,CRITICAL
2026-09-19 10:58:30,EMP-104,BAND-884,Morning Shift 1,167.5,8.0,1340.0,167.5,CRITICAL
2026-09-19 10:59:32,EMP-104,BAND-884,Morning Shift 1,167.5,8.0,1340.0,167.5,CRITICAL
2026-09-19 10:59:52,EMP-104,BAND-884,Morning Shift 1,167.5,8.0,1340.0,167.5,CRITICAL
2026-09-19 11:01:26,EMP-104,BAND-884,Morning Shift 1,167.5,8.0,1340.0,167.5,CRITICAL
2026-09-19 11:02:11,EMP-104,BAND-884,Day Shift A,167.5,8.0,1340.0,167.5,CRITICAL
2026-09-19 11:02:29,EMP-104,BAND-884,Day Shift A,72.03,8.0,576.24,72.03,CRITICAL
2026-09-19 11:03:05,EMP-104,BAND-884,Day Shift A,167.5,8.0,1340.0,167.5,CRITICAL
2026-09-19 11:03:23,EMP-104,BAND-884,Day Shift A,77.6,8.0,620.8,77.6,CRITICAL
2026-09-19 11:15:21,EMP-104,BAND-884,Day Shift A,96.36,8.0,770.88,96.36,CRITICAL
2026-09-19 11:16:08,EMP-104,BAND-884,Day Shift A,96.59,8.0,772.72,96.59,CRITICAL
2026-09-19 11:17:36,EMP-104,BAND-884,Day Shift A,72.03,8.0,576.24,72.03,CRITICAL
2026-09-19 11:17:50,EMP-104,BAND-884,Day Shift A,72.03,8.0,576.24,72.03,CRITICAL
2026-09-19 11:27:36,EMP-104,BAND-884,Day Shift A,94.56,8.0,756.48,94.56,CRITICAL
2026-09-19 11:39:18,EMP-104,BAND-884,Day Shift A,167.5,8.0,1340.0,167.5,CRITICAL
2026-09-19 11:45:05,EMP-104,BAND-884,Day Shift A,77.6,8.0,620.8,77.6,CRITICAL
2026-09-19 11:46:10,EMP-104,BAND-884,Day Shift A,167.57,8.0,1340.56,167.57,CRITICAL
2026-09-19 11:47:33,EMP-104,BAND-884,Day Shift A,167.5,8.0,1340.0,167.5,CRITICAL
2026-09-19 11:50:21,EMP-104,BAND-884,Day Shift A,167.5,8.0,1340.0,167.5,CRITICAL
2026-09-19 11:57:52,EMP-305,BAND-509,Rotation Shift C,167.5,12.0,2010.0,251.25,CRITICAL
2026-09-19 12:00:20,EMP-104,BAND-884,Morning Shift 1,167.5,8.0,1340.0,167.5,CRITICAL
2026-09-19 12:01:39,EMP-104,BAND-884,Morning Shift 1,167.5,8.0,1340.0,167.5,CRITICAL
2026-09-19 12:09:40,EMP-104,BAND-884,Morning Shift 1,167.5,8.0,1340.0,167.5,CRITICAL
2026-09-19 12:10:47,EMP-208,BAND-312,Night Shift B,94.56,10.0,945.6,118.2,CRITICAL
2026-09-19 12:12:16,EMP-208,BAND-312,Night Shift B,167.5,10.0,1675.0,209.38,CRITICAL
2026-09-19 12:12:42,EMP-208,BAND-312,Night Shift B,77.6,10.0,776.0,97.0,CRITICAL
2026-09-19 12:13:03,EMP-208,BAND-312,Night Shift B,167.57,10.0,1675.7,209.46,CRITICAL
2026-09-19 12:15:32,EMP-208,BAND-312,Night Shift B,77.6,10.0,776.0,97.0,CRITICAL
2026-09-19 12:16:23,EMP-208,BAND-312,Night Shift B,94.56,10.0,945.6,118.2,CRITICAL
2026-09-19 12:24:58,EMP-208,BAND-312,Night Shift B,167.5,10.0,1675.0,209.38,CRITICAL
2026-09-19 12:26:21,EMP-208,BAND-312,Night Shift B,167.57,10.0,1675.7,209.46,CRITICAL
2026-09-19 12:29:00,EMP-208,BAND-312,Night Shift B,167.5,10.0,1675.0,209.38,CRITICAL
2026-09-19 12:31:16,EMP-104,BAND-884,Morning Shift 1,167.5,8.0,1340.0,167.5,CRITICAL
2026-09-19 12:32:03,EMP-208,BAND-312,Night Shift B,167.5,10.0,1675.0,209.38,CRITICAL
2026-09-19 12:33:26,EMP-208,BAND-312,Night Shift B,118.06,10.0,1180.6,147.57,CRITICAL
2026-09-19 12:37:30,EMP-208,BAND-312,Night Shift B,167.5,10.0,1675.0,209.38,CRITICAL
2026-09-19 12:39:30,EMP-208,BAND-312,Night Shift B,77.6,10.0,776.0,97.0,CRITICAL
2026-09-19 12:40:12,EMP-208,BAND-312,Night Shift B,77.6,10.0,776.0,97.0,CRITICAL
2026-09-19 12:40:39,EMP-208,BAND-312,Night Shift B,72.03,10.0,720.3,90.04,CRITICAL
2026-09-19 13:10:24,EMP-104,BAND-884,Day Shift A,167.5,8.0,1340.0,167.5,CRITICAL
2026-09-19 13:10:45,EMP-208,BAND-312,Night Shift B,167.5,10.0,1675.0,209.38,CRITICAL
2026-09-19 13:11:22,EMP-208,BAND-312,Night Shift B,167.5,10.0,1675.0,209.38,CRITICAL
2026-09-19 13:12:08,EMP-208,BAND-312,Night Shift B,167.5,10.0,1675.0,209.38,CRITICAL
2026-09-19 13:12:27,EMP-208,BAND-312,Night Shift B,77.6,10.0,776.0,97.0,CRITICAL
2026-09-19 13:59:20,EMP-208,BAND-312,Night Shift B,167.5,10.0,1675.0,209.38,CRITICAL
2026-09-19 14:00:02,EMP-208,BAND-312,Night Shift B,167.57,10.0,1675.7,209.46,CRITICAL
2026-09-19 14:00:18,EMP-208,BAND-312,Night Shift B,77.6,10.0,776.0,97.0,CRITICAL
2026-09-19 14:25:05,EMP-208,BAND-312,Night Shift B,167.57,10.0,1675.7,209.46,CRITICAL
2026-09-19 14:35:11,EMP-104,BAND-884,Day Shift A,167.57,8.0,1340.56,167.57,CRITICAL
2026-09-19 14:42:38,EMP-104,BAND-884,Day Shift A,167.57,8.0,1340.56,167.57,CRITICAL
2026-09-19 15:09:51,EMP-104,BAND-884,Day Shift A,167.57,8.0,1340.56,167.57,CRITICAL
2026-09-19 15:12:45,EMP-104,BAND-884,Day Shift A,167.57,8.0,1340.56,167.57,CRITICAL
2026-09-19 15:14:46,EMP-104,BAND-884,Day Shift A,167.57,8.0,1340.56,167.57,CRITICAL
2026-09-19 15:31:36,EMP-104,BAND-884,Day Shift A,167.57,8.0,1340.56,167.57,CRITICAL
2026-09-19 15:44:50,EMP-104,BAND-884,Day Shift A,167.5,8.0,1340.0,167.5,CRITICAL
2026-09-19 15:51:28,EMP-104,BAND-884,Day Shift A,167.57,8.0,1340.56,167.57,CRITICAL
2026-09-19 15:59:54,EMP-104,BAND-884,Day Shift A,167.57,8.0,1340.56,167.57,CRITICAL
2026-09-19 16:04:37,EMP-104,BAND-884,Day Shift A,167.57,8.0,1340.56,167.57,CRITICAL
2026-10-01 22:14:52,EMP-104,BAND-884,Day Shift A,167.57,8.0,1340.56,167.57,CRITICAL
2026-10-01 22:15:29,EMP-104,BAND-884,Day Shift A,77.6,8.0,620.8,77.6,CRITICAL
2026-10-01 22:15:39,EMP-104,BAND-884,Day Shift A,167.5,8.0,1340.0,167.5,CRITICAL
2026-10-01 22:15:48,EMP-104,BAND-884,Day Shift A,77.6,8.0,620.8,77.6,CRITICAL
2026-10-01 22:16:08,EMP-104,BAND-884,Day Shift A,72.04,8.0,576.32,72.04,CRITICAL
2026-10-01 22:16:34,EMP-104,BAND-884,Day Shift A,72.03,8.0,576.24,72.03,CRITICAL
